<?xml version="1.0" encoding="UTF-8" standalone="yes"?>
<addon id="plugin.program.vipinstaller" name="[COLOR yellow][B]VIP Wizard[/COLOR][/B]" version="0.0.3" provider-name="FTG/GF">
  <requires>
    <import addon="xbmc.python" version="2.1.0"/>
  </requires>
  <extension point="xbmc.python.pluginsource" library="default.py">
        <provides>executable</provides>
  </extension>
  <extension point="xbmc.addon.metadata">
    <summary lang="en">FTG/GF</summary>
    <description lang="en">In this wizard you will find the latest VIPs from The Goodfellas</description>
	<disclaimer lang="en">I do not host nor control the content found within!!!!!</disclaimer>
		<forum>-</forum>
		<source> -</source>
		<website>-</website>
    <platform>all</platform> 
  </extension>
</addon>
