<genres>
<genre type="16">Movie</genre>
<genre type="32">News</genre>
<genre type="32">Newsmagazine</genre>
<genre type="32">Talk</genre>
<genre type="32">Entertainment</genre>
<genre type="32">Bus./financial</genre>
<genre type="32">Interview</genre>
<genre type="32">Politics</genre>
<genre type="32">Public Affairs</genre>
<genre type="32">Weather</genre>
<genre type="80">Children</genre>
<genre type="64">Sports</genre>
<genre type="64">Soccer</genre>
<genre type="64">Hockey</genre>
<genre type="64">Sports talk</genre>
<genre type="64">Auto racing</genre>
<genre type="64">Cricket</genre>
<genre type="64">Baseball</genre>
<genre type="64">Basketball</genre>
<genre type="64">Golf</genre>
<genre type="64">Boxing</genre>
<genre type="64">Fishing</genre>
<genre type="64">Pro wrestling</genre>
<genre type="64">Rugby</genre>
<genre type="64">Tennis</genre>
<genre type="64">Motorcycle racing</genre>
<genre type="64">Mixed martial arts</genre>
<genre type="64">Darts</genre>
<genre type="64">Curling</genre>
<genre type="64">Football</genre>
<genre type="64">Drag racing</genre>
<genre type="112">Art</genre>
<genre type="112">Music</genre>
<genre type="144">Education</genre>
<genre type="144">Animals</genre>
<genre type="144">Nature</genre>
<genre type="144">Home Improvement</genre>
<genre type="144">Education</genre>
<genre type="144">Documentary</genre>
<genre type="144">Science</genre>
<genre type="176">Special</genre>
<genre type="48">Reality</genre>
<genre type="48">Drama</genre>
<genre type="48">Comedy</genre>
<genre type="48">Awards</genre>
<genre type="176">Fundraiser</genre>
<genre type="112">Religious</genre>
<genre type="160">Shopping</genre>
<genre type="176">Self improvement</genre>
<genre type="48">Action Adventure</genre>
<genre type="48">Action</genre>
<genre type="48">Adults Only</genre>
<genre type="48">Adventure</genre>
<genre type="48">Crime Drama</genre>
<genre type="48">Crime</genre>
<genre type="48">Law</genre>
<genre type="48">Science Fiction</genre>
<genre type="48">Series</genre>
<genre type="48">Sitcom</genre>
<genre type="48">Show</genre>
<genre type="48">Soap</genre>
<genre type="48">Variety</genre>
<genre type="48">War</genre>
<genre type="48">Western</genre>
<genre type="48">Game Show</genre>
<genre type="128">Travel</genre>
<genre type="128">Biography</genre>
<genre type="128">Community</genre>
<genre type="160">Fashion</genre>
<genre type="160">Cooking</genre>
</genres>