<?xml version="1.0" encoding="UTF-8" standalone="yes"?>
<addon id="plugin.video.gf-vip-1"
	name="GoodFellas Vip-1"
	version="2.7"
	provider-name="GoodFellas">

  <requires>
    <import addon="xbmc.python" version="2.1.0"/>
  </requires>
  <extension point="xbmc.python.pluginsource" library="default.py">
    <provides>video</provides>
  </extension>
  <extension point="xbmc.addon.metadata">
    <summary lang="en">GoodFellas VIP-1</summary>
    <description lang="en">Get access to exclusive HD channels for your favourite sports, movies and tv shows.</description>
    <platform>all</platform>
  </extension>
</addon>
