<?xml version="2.0" encoding="UTF-8" standalone="yes"?>
<addon id="plugin.video.gfvip2" name="[COLOR gold]GOODFELLAS VIP 2[/COLOR]" version="4.3.38" provider-name="Playonmonkey">
  <requires>server_ipseer
    <import addon="xbmc.python" version="2.1.0"/>
	<import addon="script.module.addon.common"/>
    <import addon="script.module.pyxbmct" version="1.1" />
    <import addon="script.module.requests" version="2.9.0"/>
    <import addon="script.speedtestnet" version="1.0.0"/>

  </requires>

  <extension point="xbmc.python.pluginsource"
            library="init.py">
        <provides>video</provides>
  </extension>

  <extension point="xbmc.service" library="service.py" start="login"></extension>
  <!--<extension point="xbmc.service" library="playMonitor.py" start="login"></extension>-->


  <extension point="xbmc.addon.metadata">
    <summary lang="en">[COLOR gold]GOODFELLAS[/COLOR]</summary>
	<description lang="en">Get all your Live Sports n Live TV here</description>
    <platform>all</platform>
  </extension>
</addon>
