<?xml version="2.0" encoding="UTF-8" standalone="yes"?>
<addon id="plugin.video.gfvip2" name="[COLOR gold]GoodFellas VIP2[/COLOR]" version="3.6.10" provider-name="Goodfellas">
  <requires>
    <import addon="xbmc.python" version="2.1.0"/>
	<import addon="script.module.addon.common"/>

  </requires>
  <extension point="xbmc.python.pluginsource" library="init.py">
        <provides>video</provides>
  </extension>
    <extension point="xbmc.service" library="service.py" start="login"></extension>

  <extension point="xbmc.addon.metadata">
    <summary lang="en">[COLOR gold]GoodFellas VIP2[/COLOR]</summary>
	<description lang="en">Get all your Live Sports n Live TV here</description>
    <platform>all</platform>
  </extension>
</addon>
